[
  {
    "uuid": "7b1a56ef-5ae3-38ef-8147-47a1190f75a7",
    "name": "Robtro"
  },
  {
    "uuid": "aae862d6-eb2f-334b-af2c-b3ac1598d734",
    "name": "jahel014"
  },
  {
    "uuid": "22a099ac-bc1e-358c-9a1d-4f0afa4008f6",
    "name": "TheBlackBone"
  },
  {
    "uuid": "d538f17f-940a-36f4-837c-a18c3ef15555",
    "name": "Zadna"
  },
  {
    "uuid": "c6e0ae7c-277d-3faa-b7a2-fbb8641f0539",
    "name": "Txmxko"
  },
  {
    "uuid": "c9eba4db-71eb-37a8-92ed-12a7b60d428f",
    "name": "\u003cdavid07\u003e"
  },
  {
    "uuid": "d56f9c46-2ecf-3c7f-bc7e-8f2b78402b8e",
    "name": "ChemaC"
  },
  {
    "uuid": "027de108-6628-32a4-b7f2-c703c64de9ce",
    "name": "dragonGT43"
  },
  {
    "uuid": "58201f77-560b-3b08-89ab-c3b2b45a8fd3",
    "name": "Lord_Cronos"
  },
  {
    "uuid": "62dac9c9-d430-339a-a151-acf4be4d7a73",
    "name": "Panion_219"
  },
  {
    "uuid": "2813675b-9fbc-3a71-97d7-9305f1a5facb",
    "name": "jancodina_04"
  },
  {
    "uuid": "e755d08f-d8b0-30e3-9efa-063de42a7848",
    "name": "Kasuma"
  },
  {
    "uuid": "5a70b305-f072-32b4-9fce-2e909889edbf",
    "name": "pro123pato"
  },
  {
    "uuid": "395ddd87-5e1b-3e38-9d5a-a4ad62569110",
    "name": "KUDEKAY"
  },
  {
    "uuid": "7f65f4d6-b7c3-34b4-b040-813bebd12d6a",
    "name": "Molinaa1813"
  },
  {
    "uuid": "2094c0b2-a9b2-3f8e-a2a6-3fb8ea4675c7",
    "name": "Aby_J7"
  },
  {
    "uuid": "defebaa4-f4c3-3549-b9e8-899b91bb7c65",
    "name": "santi_lord7"
  },
  {
    "uuid": "edb52ea1-33ce-3826-ae70-eeff61eb4232",
    "name": "iSoftyFinn_"
  },
  {
    "uuid": "03e49d1f-d756-3202-93d5-5d954d5474c0",
    "name": "Sergix612"
  },
  {
    "uuid": "088c24c6-54a7-3370-bc7e-260763e18db2",
    "name": "Ray0233"
  },
  {
    "uuid": "aa55499f-7698-37b1-b55d-c643bdd289a8",
    "name": "SiphonalSet4973"
  },
  {
    "uuid": "f67382e3-bb10-3c69-9cd6-51deb2ffcef3",
    "name": "_MrSoda_"
  },
  {
    "uuid": "6eb7008d-8f74-38d1-ad45-55d837e0a5db",
    "name": "Shiroubld"
  },
  {
    "uuid": "baa221aa-07ed-3388-a8ab-9e7b59d22d69",
    "name": "Carlomagno_1070"
  },
  {
    "uuid": "dfce0096-4c4b-3003-829c-b374cc562f48",
    "name": "Greem"
  },
  {
    "uuid": "2249b861-979b-31dc-87da-7eca70568454",
    "name": "7tu"
  },
  {
    "uuid": "e06c5bac-7054-3846-b5c6-a0dfc0ebfb85",
    "name": "Oscarello"
  },
  {
    "uuid": "6a4d34c3-85cc-34cb-9f37-31258e4ca6f6",
    "name": "yeongs"
  },
  {
    "uuid": "ea6eabee-110c-39b3-894f-5c1ffe396ce5",
    "name": "MateoCarramafa30"
  },
  {
    "uuid": "37a435f5-744a-3750-8ca3-133c8faab555",
    "name": "ShadowVB6953"
  },
  {
    "uuid": "4db8df99-affb-38e5-b71b-2bdc8d6da63a",
    "name": "Mr_abicra"
  },
  {
    "uuid": "212616cf-8974-33ab-9726-dc4d04ebe305",
    "name": "PIKAChUwU"
  },
  {
    "uuid": "30c9d05e-a332-3eb5-9d27-95e11667297c",
    "name": "ELpuripro525"
  },
  {
    "uuid": "40652797-2f25-3221-9024-1901fc9ab12e",
    "name": "Dharuz"
  },
  {
    "uuid": "ae1e95ad-b88a-3b12-927e-6a2555905557",
    "name": "francofranco"
  },
  {
    "uuid": "154f0493-394f-327e-a8c1-56bff1401f35",
    "name": "ItsOnlyNull"
  },
  {
    "uuid": "f6a389e9-c75a-3c28-91ec-fb3b3cf8c411",
    "name": "djlex55345"
  },
  {
    "uuid": "2bb0aba9-25be-3039-a37c-20582e1e8e4d",
    "name": "PipeGamer232"
  },
  {
    "uuid": "26cd543e-6bd0-3f00-a912-a3788a112906",
    "name": "dariolucas1"
  },
  {
    "uuid": "f6c643f3-a01a-3227-ad45-f0fb88ad8fea",
    "name": "Franco_BW"
  },
  {
    "uuid": "e4ff13ac-ec9c-3906-b9af-0e890e19770a",
    "name": "CheesePirateron"
  },
  {
    "uuid": "18af0979-6912-3dbc-8337-c9a16dfe93ea",
    "name": "Hrodric12"
  },
  {
    "uuid": "a0a186e6-cc1f-36a6-a88d-b17782ebe8c0",
    "name": "carlosack32"
  },
  {
    "uuid": "a0f78d48-235c-3d88-ad50-dd66586f667d",
    "name": "y0shiii"
  },
  {
    "uuid": "410b85b7-35b9-3597-9967-95f10532b6ac",
    "name": "Tamales"
  },
  {
    "uuid": "68a27f2b-6700-3b27-ae9b-90e0727c19cb",
    "name": "juliokkXD"
  },
  {
    "uuid": "c5e2af1f-7ce5-3e52-9d99-e4428ffd010b",
    "name": "DarkHerobrine1020"
  },
  {
    "uuid": "3631eb01-24d5-343c-a672-46d847542f27",
    "name": "sancho27"
  },
  {
    "uuid": "35595ae1-bc0a-3bef-b54d-ece8dd1c2ab8",
    "name": "KEVINPC204"
  },
  {
    "uuid": "3d99a33a-2741-3444-9c42-b9ce3e0b9cf1",
    "name": "ANG3LALZ4T3"
  },
  {
    "uuid": "915b1c8c-a3d4-3cb7-a1be-732d88cd9ed0",
    "name": "VicRattlehead17"
  },
  {
    "uuid": "a49a89b3-dcd8-3a3c-835f-f9e5d46b7288",
    "name": "EthanVenegas"
  },
  {
    "uuid": "f4f275b3-4de5-3fcc-849b-0ce3fab01c80",
    "name": "lizan427"
  },
  {
    "uuid": "caeb0243-bc44-3af1-80ec-811029a811e0",
    "name": "potitouwu"
  },
  {
    "uuid": "0cb53095-8b77-39f9-80de-b3c315340fa3",
    "name": "Lexod"
  },
  {
    "uuid": "07261a51-4a3e-3397-8208-9a60129d705b",
    "name": "Missasitapro"
  },
  {
    "uuid": "6f8e585d-b093-3d6c-a08e-240106ef20a5",
    "name": "MichaelGamer128"
  },
  {
    "uuid": "9de53900-5fd2-3213-8d86-dca6dbe6ed43",
    "name": "BobbyF94"
  },
  {
    "uuid": "fc991757-7900-3ea7-8d9c-9358e6506200",
    "name": "adrianpene"
  },
  {
    "uuid": "e6d3cf37-0cd5-3e9a-bf55-92b2ef04c3a1",
    "name": "PacoCute515"
  },
  {
    "uuid": "973f1575-e3aa-3799-98b0-8d18cc2b343f",
    "name": "marquito"
  },
  {
    "uuid": "4b2ddba7-446c-34df-9435-078df8f467e8",
    "name": "yurielp202"
  },
  {
    "uuid": "d5452099-bfea-3b2b-84cb-481c340bdbff",
    "name": "Minexx777"
  },
  {
    "uuid": "90c6979a-1ac8-3275-9a97-347580c03298",
    "name": "Arielrosendo2000"
  },
  {
    "uuid": "1a003ad1-c52b-3b3f-bbb4-ca350af48a06",
    "name": "US_JENN_7w7"
  },
  {
    "uuid": "32d9c9ce-2b88-3c5d-9b7a-6c2fc0b6c3e0",
    "name": "babyperezTTV"
  },
  {
    "uuid": "4cef1b7d-1c61-3850-ab50-6aba2c52563b",
    "name": "narutochumaki13"
  },
  {
    "uuid": "0d7083c8-a535-350e-9c67-60f7288fbfa0",
    "name": "MORENAXDUWU"
  },
  {
    "uuid": "57a973cf-d3f3-367a-98f0-89f52e11b195",
    "name": "fredse12"
  },
  {
    "uuid": "791b243f-0a7d-3ba8-85cf-0612d333729f",
    "name": "KnottyWox7w7"
  },
  {
    "uuid": "5c5c7ed7-66f0-3a67-8b5d-c0c9d359379c",
    "name": "lufretes26"
  },
  {
    "uuid": "c2c71b4b-d3be-3c39-93ff-3510829f67d6",
    "name": "Carlitos1344281"
  },
  {
    "uuid": "58bff65e-e80a-3fef-abe7-52e4ce8b3e78",
    "name": "b3nj1b3rn1"
  },
  {
    "uuid": "74ae3313-a2d5-3682-8618-482eaed30583",
    "name": "ManuXDFT"
  },
  {
    "uuid": "aac6cb7c-401e-36a4-a1e5-be931a83a86b",
    "name": "KnottyWox"
  },
  {
    "uuid": "bb993acc-be6e-3d97-a67d-12fb9fa18680",
    "name": "nn4cho__"
  },
  {
    "uuid": "4116f7b8-1aa8-3102-8a36-c9b77b71d0a2",
    "name": "JUANDEX333"
  },
  {
    "uuid": "70b5bd96-b348-3297-afdc-8e715066bbb1",
    "name": "jimy2040c"
  },
  {
    "uuid": "b09496ad-8c92-310f-ac89-a226c23c0cd0",
    "name": "Mystic01_live"
  },
  {
    "uuid": "72c9ce0a-67ee-33cf-b19e-53f77c430219",
    "name": "valensf"
  },
  {
    "uuid": "423648e0-6975-36e0-b472-7aa7325d5e40",
    "name": "srmuslos97"
  },
  {
    "uuid": "d96ff532-2b32-3558-8ec4-0eb236436fcc",
    "name": "MEE76"
  },
  {
    "uuid": "9bb1c53d-0ace-302e-8a06-c0ad5f00b4d6",
    "name": "monkey_D_luffy"
  },
  {
    "uuid": "74f7b5d5-0b4d-3ee8-bf6b-30ccf78ce0fb",
    "name": "Quetzalcoatl"
  },
  {
    "uuid": "fd3c1744-2dd7-3ea3-9009-1fdf78278a39",
    "name": "Chukgamer"
  },
  {
    "uuid": "3b6e67d6-29ad-38e5-b3d1-d8bfc58add11",
    "name": "ranita98"
  },
  {
    "uuid": "6c9f2f13-84a2-32e6-b10c-1e25407b9bb9",
    "name": "androide14459"
  },
  {
    "uuid": "84b1bbc6-ac18-3aef-a385-65bff944fac4",
    "name": "elpendejo"
  },
  {
    "uuid": "475394f0-bb62-30e1-af7c-822b083f2de1",
    "name": "TheYoungG"
  },
  {
    "uuid": "4feb7d38-c0bc-3e51-b5b2-841eb6207663",
    "name": "alexrex8888"
  },
  {
    "uuid": "ec7fa9c8-c62d-30ea-9052-817d7ae89fa8",
    "name": "AgusEMP"
  },
  {
    "uuid": "8803c76d-a039-385e-ada6-a6cbf2486a36",
    "name": "Josaya16YT"
  },
  {
    "uuid": "6d3682b9-315b-3132-aa86-b4e5c0cce7c0",
    "name": "jamikatoka"
  },
  {
    "uuid": "6d00036f-6f0f-3506-93a2-8e629ec42b62",
    "name": "byMario467"
  },
  {
    "uuid": "d1cc3ced-66be-3d23-9503-7602c95f43d2",
    "name": "Fabi0L4"
  },
  {
    "uuid": "97242790-8083-3edd-a730-d8ab68248226",
    "name": "axel5177"
  },
  {
    "uuid": "35066313-c75d-3295-b573-8e178eb1772f",
    "name": "Pepitoo__"
  },
  {
    "uuid": "9fdac5d2-f73f-3231-8057-b5c0c103baeb",
    "name": "Fapsiff3"
  },
  {
    "uuid": "389bb7a4-2ab5-3d2a-96d0-532d83657a0b",
    "name": "KoopaKidYT"
  },
  {
    "uuid": "e89acc34-651b-3636-9f43-1d70a55a64fd",
    "name": "Sr_Joaco"
  },
  {
    "uuid": "4a6e6ec3-47f4-3be5-905c-016e214bc5f0",
    "name": "(Master1004)"
  },
  {
    "uuid": "3d5968ca-6ddd-3db1-9747-c905b7748c7d",
    "name": "Arkangel9312"
  },
  {
    "uuid": "433cb964-bf85-38e0-b210-763e2ddaf159",
    "name": "tfue_patrickxX"
  },
  {
    "uuid": "28d5eb9d-8080-3c15-b55c-f721696f6a7f",
    "name": "Sparza_5"
  },
  {
    "uuid": "5dfdc9aa-3759-3048-bd7b-ff5cdc258dae",
    "name": "EmpanaoToy"
  },
  {
    "uuid": "4f696987-5fdb-3d64-b779-932bb5b5df50",
    "name": "Joaquico365"
  },
  {
    "uuid": "10445092-fdeb-3c93-a47f-99aacdf27fc5",
    "name": "Luki4629jaja"
  },
  {
    "uuid": "8c3908d6-d9f3-345e-9b1a-260c4a2c0f1d",
    "name": "rebux"
  },
  {
    "uuid": "0860d03f-5ec9-35ca-9862-e9c8da461e0b",
    "name": "zfranx__"
  },
  {
    "uuid": "609ebec1-3c98-34b2-aa19-315b1cdf21db",
    "name": "IzanWtf"
  },
  {
    "uuid": "7507ceae-efb7-3f10-8974-fd647b9a3bd8",
    "name": "momoXD9139"
  },
  {
    "uuid": "63a5491e-8b62-3d7e-9f92-1337eb2b981a",
    "name": "juancad"
  },
  {
    "uuid": "5ff18367-cf09-3b7e-8d86-ea4c3ed454df",
    "name": "yeralgamer"
  },
  {
    "uuid": "209ded0c-fc58-36ae-9514-a3eeb06ab475",
    "name": "Mrpenny69"
  },
  {
    "uuid": "fd871cbc-dd1c-339e-807c-2f1f0f817c84",
    "name": "payaso11"
  },
  {
    "uuid": "f9453be6-52f3-366c-993b-c9c5eb81a397",
    "name": "4fka03129Mf1"
  },
  {
    "uuid": "db015dbb-9827-3b67-b841-ba7253f41951",
    "name": "Gontraxs_YT"
  },
  {
    "uuid": "5ac3ed2c-369e-360f-a6b0-0453aeddbaaa",
    "name": "Aauron550"
  },
  {
    "uuid": "fecd3987-6fb9-3be7-8f9a-32ef5ad20459",
    "name": "ss502G"
  },
  {
    "uuid": "85e9335c-9c5d-371e-8f8d-5dd1c6f3435f",
    "name": "Albertardooooo"
  },
  {
    "uuid": "8a16e7da-8208-3930-8b06-cfd8148ce22e",
    "name": "esteban"
  },
  {
    "uuid": "14c404b4-170b-334c-afe5-e3896e2eceec",
    "name": "elospro"
  },
  {
    "uuid": "60bd0111-46a3-34e0-8003-668fcf015a07",
    "name": "TheredMurder23JF"
  },
  {
    "uuid": "07de70f4-773e-3758-b544-bf1f025da82a",
    "name": "xfrodasx"
  },
  {
    "uuid": "bc1187c6-72c8-355d-aee6-bcef2eaa04b3",
    "name": "Khea_YF_SSJ"
  },
  {
    "uuid": "5fa4ddef-cde7-3415-971d-c172720d5470",
    "name": "KENTHETE"
  },
  {
    "uuid": "54952599-66aa-3f26-ae99-1cb6629c1217",
    "name": "xNeg3sis"
  },
  {
    "uuid": "2eb80e55-5db2-30e1-804d-42c188415ce1",
    "name": "Aaron_ghost"
  },
  {
    "uuid": "ec504f9f-6855-3f6f-9679-e16dd0072685",
    "name": "mokelbot_29"
  },
  {
    "uuid": "7c245f09-e336-3732-b99c-8df3d377b698",
    "name": "MrKaut"
  },
  {
    "uuid": "29f511fa-6a82-32a6-a230-20fbfb0dd249",
    "name": "abrahanX_x"
  },
  {
    "uuid": "191d92ed-c634-38b8-9d2e-c7c41c159c34",
    "name": "ignacio542"
  },
  {
    "uuid": "a403c4d6-9bcb-3757-8dd3-b91cfadf2e38",
    "name": "Unetealagrasa"
  },
  {
    "uuid": "5fadd82e-a7c7-33e4-b5a5-474f572ecbd7",
    "name": "donpepeNDL"
  },
  {
    "uuid": "6640c034-9645-3d09-948a-6e745bcd6088",
    "name": "Lucasmendl"
  },
  {
    "uuid": "0a3fcf82-a32f-32a4-a968-74f04aa55c53",
    "name": "leonardoON"
  },
  {
    "uuid": "2ee1db49-2d29-3cb0-9e95-28a712c117ee",
    "name": "Jdelacz"
  },
  {
    "uuid": "c69b8e57-3718-3f6f-ab32-a89bb4610f17",
    "name": "Josechicha"
  },
  {
    "uuid": "63a37f96-e466-37ad-a317-c78a041cb4aa",
    "name": "FroilanManuel"
  },
  {
    "uuid": "4cc2a3c6-701c-32cd-8cc0-25351f4123af",
    "name": "VICTGRONs"
  },
  {
    "uuid": "f4e61ac4-c729-32cf-bf86-900138ff071a",
    "name": "fdfsfsd"
  },
  {
    "uuid": "29d29fcf-8612-3ad8-8ef7-56a52a83c88f",
    "name": "ElJimmy"
  },
  {
    "uuid": "8ade30a5-7a28-30ed-b8dc-635b4e203811",
    "name": "Megumin06"
  },
  {
    "uuid": "6fe0a8f7-247f-394b-91b6-6084bf0c0eac",
    "name": "Joseprox"
  },
  {
    "uuid": "aaf5bb74-8315-36e7-8e2a-f85b35932f6e",
    "name": "axel231512"
  },
  {
    "uuid": "45f6096d-507b-3bd6-a16d-fded91ff5090",
    "name": "Usain129074"
  },
  {
    "uuid": "1c6f667c-8c1d-32f8-8435-ff694d51ba3d",
    "name": "Barbabriel"
  },
  {
    "uuid": "b2277c93-8660-3393-bf3e-ea3d4bc4383c",
    "name": "bonitoelquelolea"
  },
  {
    "uuid": "eedd76bb-f572-3a2b-8980-98823b13bed7",
    "name": "limuscraft"
  },
  {
    "uuid": "cc7b2d11-22b4-34db-ad03-ab748fac1499",
    "name": "SantiNasheMm"
  },
  {
    "uuid": "9cbc2788-e199-325f-9a2c-4c411cdeafeb",
    "name": "Ale_jandr021"
  },
  {
    "uuid": "60158cdc-97af-3edb-81c5-f42a435ef90c",
    "name": "Joorgge2005"
  },
  {
    "uuid": "84e51018-8df1-3f42-b0e9-7cbc2e8a7640",
    "name": "MC4ntony"
  },
  {
    "uuid": "6086f752-0c7f-32d4-90db-187ce66c7e33",
    "name": "MLD_Gypsi"
  },
  {
    "uuid": "ed5b5f85-c3ae-389f-99fc-0883608d473f",
    "name": "One_Socks"
  },
  {
    "uuid": "4b45ab52-25b0-3a88-b985-a05d6d378716",
    "name": "darwin1092"
  },
  {
    "uuid": "588aeb33-4c4a-37d3-8e20-08164268edb6",
    "name": "NinjaFire4511"
  },
  {
    "uuid": "2d11f6e7-dd5e-311b-b036-ff5dd6bc63c8",
    "name": "kidduzzi"
  },
  {
    "uuid": "e2feaed6-ad71-3eb3-975a-5b18720bda1e",
    "name": "LANCHAND"
  },
  {
    "uuid": "7b2d71b8-6462-39b4-8e2d-483c92e746b7",
    "name": "pochitizon"
  },
  {
    "uuid": "b48d6bfe-31a2-32f5-9995-f33af4e65a14",
    "name": "HugoPF"
  },
  {
    "uuid": "ed574886-a64e-351f-9c26-79072f453e39",
    "name": "nico203344"
  },
  {
    "uuid": "56bbd940-66f6-36f9-924f-82758d9fffa3",
    "name": "bondy_Crafter"
  },
  {
    "uuid": "f7688428-34b3-36c7-be2c-7281b21199c7",
    "name": "TreePopYT"
  },
  {
    "uuid": "9259fa2c-2636-3817-875b-881849eed89b",
    "name": "meliodasproYT"
  },
  {
    "uuid": "ce947ac6-702e-3aea-af19-d5286b531719",
    "name": "Winnie_notfound"
  },
  {
    "uuid": "2bd25012-247d-3692-a410-a3bf3c525b87",
    "name": "Ideku_12"
  },
  {
    "uuid": "8671fa63-4ad6-3085-bc86-6798cb53211d",
    "name": "IdeasOjeras"
  },
  {
    "uuid": "8c8dc43d-170a-359e-aa14-799c88595ec8",
    "name": "nicopou124"
  },
  {
    "uuid": "f34b7408-1ca3-37bf-a419-094e34104819",
    "name": "yeiden1208"
  },
  {
    "uuid": "11a43270-0107-3751-94c9-aef15b1e1fd3",
    "name": "KLOOZ678"
  },
  {
    "uuid": "f460f2ae-2f2c-3161-9b89-7bdbcc0663c8",
    "name": "Derek138"
  },
  {
    "uuid": "4a025d16-704b-3db5-8e28-e53ace17efe6",
    "name": "ONIXx255"
  },
  {
    "uuid": "c63e28b3-a0dc-3b7e-8697-0b3d70de237e",
    "name": "vtrsantiago15"
  },
  {
    "uuid": "f2cee8de-ec72-35cb-a88b-b40bdeddf2b5",
    "name": "Rafa2009362"
  },
  {
    "uuid": "4278f46d-2bb2-3fe3-a09c-0d48847b7e62",
    "name": "ProDeivid"
  },
  {
    "uuid": "f9e51630-f18c-3bba-b39e-445643ac2d8c",
    "name": "LERUTO3L"
  },
  {
    "uuid": "510a3ecb-f22a-39cd-a258-36af024f292a",
    "name": "GloxcyMC"
  },
  {
    "uuid": "4f962de3-e3e6-3187-9872-d856644540ea",
    "name": "BetaShulker"
  },
  {
    "uuid": "6c8e2e52-4b48-303a-9c9e-9c1336370fbe",
    "name": "SoldadoArgentino"
  },
  {
    "uuid": "0406ff20-2c9a-3a11-a8fb-bc84f94f5e54",
    "name": "Th3hix3pixul4"
  },
  {
    "uuid": "ab374397-a08a-307b-9927-ad4fc815220e",
    "name": "WILSON2007"
  },
  {
    "uuid": "b6979a73-3413-341d-a4d4-84fb06aba563",
    "name": "Sagamo2008"
  },
  {
    "uuid": "69598207-a770-31cb-a205-ab9ad9289299",
    "name": "W0lfg0d123"
  },
  {
    "uuid": "115891b1-37a0-3bd0-9ab1-39333e22918a",
    "name": "soulfringer"
  },
  {
    "uuid": "acf339c9-4546-3a01-9ac2-38d362e4b248",
    "name": "MrSnow1"
  },
  {
    "uuid": "8b3dfa3c-b9df-380e-bbe6-d53272399b75",
    "name": "GYNIUZ"
  },
  {
    "uuid": "f3315234-ee1b-3fd5-898b-8feb476a507d",
    "name": "Mauro_KpoxD"
  },
  {
    "uuid": "7e72a3d8-1a85-3c42-b6d2-42958b215448",
    "name": "AndrezzzMC"
  },
  {
    "uuid": "48a19694-cd38-39f7-bcbe-7f4fcc08a5e0",
    "name": "joshep123"
  },
  {
    "uuid": "e9eed0ae-1c6f-3251-9c18-cf1ae65408d9",
    "name": "Holaa"
  },
  {
    "uuid": "ee609fd2-995b-3fdc-846c-f12f0a14eef1",
    "name": "GhostLand"
  },
  {
    "uuid": "befadf06-a004-3c93-9285-af037f2b686f",
    "name": "pATOlOkO09"
  },
  {
    "uuid": "3cbddf60-c447-3502-a2ea-14e60bb1d2b5",
    "name": "Moguel"
  },
  {
    "uuid": "f50e1f15-4424-379d-98f3-24379a234ed1",
    "name": "yacti"
  },
  {
    "uuid": "6ecd42ec-8d39-3f40-900a-32664412e6f8",
    "name": "Jhan69"
  },
  {
    "uuid": "fae02a1f-e8f1-383b-bb9a-6aeb38a2088f",
    "name": "wezombi"
  },
  {
    "uuid": "2147a451-a41c-382a-97da-068ea1b67cfb",
    "name": "Ivan100caca11111"
  },
  {
    "uuid": "846d6a4b-1e6a-3b92-a574-f6edded341e7",
    "name": "Elhijodezeus"
  },
  {
    "uuid": "1d0ebaf1-3379-3496-98bf-70a280d79584",
    "name": "Dinosaur_Blue"
  },
  {
    "uuid": "a6cf6ced-6a30-3e69-b0b3-cbd5999ccc03",
    "name": "VislexOnTop"
  },
  {
    "uuid": "05e8016b-f2e2-3920-a45c-7af196275a40",
    "name": "j"
  },
  {
    "uuid": "09e0c030-cb81-31b5-8cc0-3219d8aa39ce",
    "name": "SirupyTripod530"
  },
  {
    "uuid": "440aa9c9-7311-3e08-92ea-97ca48387e68",
    "name": "jomatrax2125"
  },
  {
    "uuid": "25b0025b-723b-302a-9ed7-9987ed83f388",
    "name": "21_Savage999"
  },
  {
    "uuid": "ebc42685-f5d9-35ce-980f-a4f07d3e7b64",
    "name": "Mayyy"
  },
  {
    "uuid": "a7d2ca6f-73c6-3780-a8e3-3a5a2931fb95",
    "name": "XxMacacoSportsxX"
  },
  {
    "uuid": "fec924f1-2b33-35a9-a390-80322967fb11",
    "name": "TheFirezGame_YT"
  },
  {
    "uuid": "1f921a77-d6b9-304b-a91f-afa98cd6a412",
    "name": "Ender7Zero"
  },
  {
    "uuid": "d5e1363d-1f11-3634-8a36-a2d05c8a57d5",
    "name": "gustavo_UwU"
  },
  {
    "uuid": "293525e7-78e1-3707-b606-e1c641d1d173",
    "name": "BONNIEUwU3"
  },
  {
    "uuid": "363583a8-e911-336a-814b-682f01f5cb34",
    "name": "Simpdeella"
  },
  {
    "uuid": "9362544b-a746-3a42-af83-0a764070fe97",
    "name": "XxtomGamer"
  },
  {
    "uuid": "fceab121-18c8-3b26-958d-1bedebb346fa",
    "name": "ItzKevin_PvP"
  },
  {
    "uuid": "045e0b15-33b0-3472-81f4-7943af39a7b4",
    "name": "Tamer7u7"
  },
  {
    "uuid": "5b89f293-9967-396b-acdb-fafa66d25b71",
    "name": "_Winnter_"
  },
  {
    "uuid": "e2dedfb1-54ef-3e13-a5f1-ac827cbde061",
    "name": "nitrootaku"
  },
  {
    "uuid": "af0db490-0a7f-32a3-9e26-67f828c12a91",
    "name": "benjamin"
  },
  {
    "uuid": "b20ef31e-be6e-37a0-9be5-15f2e3cbbf18",
    "name": "Mounsters"
  },
  {
    "uuid": "1b330dac-7690-37d8-8268-1f1b3f9c145f",
    "name": "Matekille2021"
  },
  {
    "uuid": "854a5d49-5520-30cf-a7de-fb30cfbcf470",
    "name": "priya124_xd"
  },
  {
    "uuid": "86e05454-01e8-3941-8551-1473ff08b692",
    "name": "rossy_"
  },
  {
    "uuid": "31b9c214-b29c-3ddb-9376-d765e441cf12",
    "name": "WolfiTheAbduskan"
  },
  {
    "uuid": "b6b1e57a-3dbf-3a2d-a946-07280846de99",
    "name": "Akinozero"
  },
  {
    "uuid": "8d399c4c-624c-3d06-85d3-16e71ddf37ed",
    "name": "axielrs"
  },
  {
    "uuid": "57e237a0-847b-3908-95b1-101e9961b5ab",
    "name": "de4da3h"
  },
  {
    "uuid": "360704a3-e45f-3b83-a919-e3eb2d99b852",
    "name": "Chine7"
  },
  {
    "uuid": "51739cc1-a32b-32ff-a982-367ffacc879b",
    "name": "XxTom_GamesxX10"
  },
  {
    "uuid": "f02a597e-7afd-36ec-9b32-ea138ecc358b",
    "name": "GameOnPro"
  },
  {
    "uuid": "e71d5520-4bda-3e6c-80fe-e825bd35e026",
    "name": "rrFURIA"
  },
  {
    "uuid": "f2cacc9b-1865-3d53-a7a1-5a81ccd842d5",
    "name": "bastiansarvia"
  },
  {
    "uuid": "c3a88dd2-faa2-339a-b35b-87c1b634f3c7",
    "name": "Lixgamers13"
  },
  {
    "uuid": "307337e9-49bb-3834-ab22-dba504aa3e8b",
    "name": "lalala"
  },
  {
    "uuid": "3c74f372-64a6-3969-95f8-f0c36e542375",
    "name": "KenPlay12"
  },
  {
    "uuid": "66d13f83-dfae-3386-bd13-7ffe1474ec95",
    "name": "matidepc12"
  },
  {
    "uuid": "a52cf75c-4a94-3f6c-b4b0-56db89773182",
    "name": "joaqo+"
  },
  {
    "uuid": "0c5c0e4e-5cb2-38af-be15-0fc8c7aef731",
    "name": "Michis_uwu"
  },
  {
    "uuid": "a8b94eb3-9655-3191-a07b-52bc56800278",
    "name": "lalaluzaa"
  },
  {
    "uuid": "a3bb7367-c361-337d-be1f-49e0a044098a",
    "name": "luisss_zzz"
  },
  {
    "uuid": "b864e1a5-2e61-3a0f-96c1-eb76a1d78183",
    "name": "Gauxx"
  },
  {
    "uuid": "69178b5d-f383-337f-af65-92c70a14260a",
    "name": "jeeeann"
  },
  {
    "uuid": "830b1dfb-a08e-38dc-9140-908abc497fb1",
    "name": "Cargua_10"
  },
  {
    "uuid": "5b8a8a3a-1bd1-34b7-951f-2211dbf82379",
    "name": "ayeashe"
  },
  {
    "uuid": "00e82622-a941-3000-8eaf-1959fd6ff7f0",
    "name": "AITOR___TORRES"
  },
  {
    "uuid": "3b35c1b6-74b9-3f0c-afc9-c19b8f37d43d",
    "name": "gato_fachero"
  },
  {
    "uuid": "a6a00609-d950-391e-8fa2-d6c3ea9aec36",
    "name": "TARONY"
  },
  {
    "uuid": "c809a0f4-d550-3dc6-8f63-5a38818b0dfc",
    "name": "TRAVELER2468"
  },
  {
    "uuid": "224290c6-a01a-3260-b2ca-48af617381c5",
    "name": "asamimau"
  },
  {
    "uuid": "8634aed9-7658-32fa-b92a-9058195fe223",
    "name": "Meliodas0819"
  },
  {
    "uuid": "faddd280-54ec-3af6-8bd7-989e318e68cc",
    "name": "DarkNick_gamerYT"
  },
  {
    "uuid": "d38e8eab-53be-3951-938e-adc28eac2934",
    "name": "TheGhostDie"
  },
  {
    "uuid": "d7c56a7d-bf11-349d-afdd-c9361b6255a7",
    "name": "Anthonycool"
  },
  {
    "uuid": "3f404f58-be2a-3459-99b1-593e45ca4c8c",
    "name": "carkis609"
  },
  {
    "uuid": "5691bd70-14ed-3062-9869-b8559a7b736c",
    "name": "516541"
  },
  {
    "uuid": "76298b77-8581-3a9e-8160-ffc5542bb735",
    "name": "DarkSMP"
  },
  {
    "uuid": "89e61817-b739-392f-955e-ab20b1b9b56f",
    "name": "branssj"
  },
  {
    "uuid": "04fc3109-877f-384f-b17c-3644761eeee4",
    "name": "Greemgoonx"
  },
  {
    "uuid": "56a44fb1-3561-3ffe-a4b5-ed54ffec7ec3",
    "name": "Draken13012"
  },
  {
    "uuid": "02c263da-4713-3ac5-adcd-9cace975cf5c",
    "name": "Victorcraft_222"
  },
  {
    "uuid": "6ea7d75a-4e56-3adc-91fa-d42ed9bf5af5",
    "name": "NetCoreYT"
  },
  {
    "uuid": "8c8e8b08-5d40-3d5d-a7b9-1dab9392278b",
    "name": "bvnja"
  },
  {
    "uuid": "29672c83-40ea-3c85-9332-5f08ad300453",
    "name": "steffelcrack"
  },
  {
    "uuid": "221e0dd3-9739-3060-9a82-30a7357eb83b",
    "name": "These_Is_Zal3m"
  },
  {
    "uuid": "cf45e496-ad03-3d4e-955f-a9d91a970b30",
    "name": "baexZz"
  },
  {
    "uuid": "67e6ba38-0fb7-3214-8735-17291a521858",
    "name": "naac"
  },
  {
    "uuid": "fbfecf5e-5862-3159-9d85-d9e93edf487b",
    "name": "MRPERROXD1920"
  },
  {
    "uuid": "a287dcbc-6afb-34ff-9a72-98aecfa4ece0",
    "name": "AlanE53"
  },
  {
    "uuid": "026fd4bd-0ad3-3de7-bd64-24e68e0d4e9b",
    "name": "martinlxc_14"
  },
  {
    "uuid": "ef1986ae-0238-373b-a7e4-06692e339ebe",
    "name": "kris_dreemur(en"
  },
  {
    "uuid": "0d300edb-12ac-302c-9cbf-cf36d903bceb",
    "name": "javitopro2602"
  },
  {
    "uuid": "e892e93c-742b-3bf2-b0d8-a9203bd28b60",
    "name": "ImStrawberry_"
  },
  {
    "uuid": "334cce04-65de-3796-8a73-3aef6eae618d",
    "name": "SeaSalt621"
  },
  {
    "uuid": "7f2d3edc-e256-3d7e-9533-e63e10ecbdfc",
    "name": "xXoLeRx"
  },
  {
    "uuid": "a0e6c114-8abc-3d90-9a5f-c53f35ec9066",
    "name": "Vittto_OM"
  },
  {
    "uuid": "dcb2f1e2-353c-3450-8d6a-8799e1a89d61",
    "name": "Nikopersona"
  },
  {
    "uuid": "d7ffde2c-1bcb-3ebb-a7c1-b1e009dc872e",
    "name": "Danny24K7"
  },
  {
    "uuid": "56970642-67b7-3305-aed5-147ad2c0ba62",
    "name": "alejo_267"
  },
  {
    "uuid": "92071523-60ee-35de-a963-ebf0aac261e9",
    "name": "mateo_yt123"
  },
  {
    "uuid": "208bf8ea-0a51-3341-9de7-1276018e4eb3",
    "name": "pelado1"
  },
  {
    "uuid": "9ff281c2-9b96-3ae2-a419-5c99813f7b54",
    "name": "alanetex"
  },
  {
    "uuid": "a53ebc40-5cf4-32b2-915b-f90f2f6e86a9",
    "name": "JoseDiegoK"
  },
  {
    "uuid": "cf8ca6a0-d207-3c54-9f8b-bbe125c06790",
    "name": "Noahlix99"
  },
  {
    "uuid": "f44f2d9c-a5fc-31ac-b60a-d864336c9422",
    "name": "faviog145"
  },
  {
    "uuid": "9742f32c-893c-34b4-bef2-8cc7c3b1aee6",
    "name": "papichulo"
  },
  {
    "uuid": "ab0d5d08-b756-3df3-90d3-2fa3d47e513c",
    "name": "im_roliuxllis"
  },
  {
    "uuid": "3ce8a0d8-19a6-310e-b76a-b689681a552a",
    "name": "**BlackDemon00**"
  },
  {
    "uuid": "a34cff41-8eae-3112-a6d8-78d7988fa77c",
    "name": "1Twite1"
  },
  {
    "uuid": "6bc62582-9a3d-3ec7-8dbb-bf5ef8175f46",
    "name": "pepeeltontete777"
  },
  {
    "uuid": "7ea47e9e-a68d-3846-937a-b14d5d21500e",
    "name": "eltoti020507"
  },
  {
    "uuid": "f76f2e7b-9fae-317d-977f-79db9b433795",
    "name": "Gabete"
  },
  {
    "uuid": "89cff48b-f15f-3522-9285-d41940aadd1b",
    "name": "danicover125"
  },
  {
    "uuid": "7d6af1a5-ddba-3c4a-91aa-c926ad6f3b2c",
    "name": "El_Gato_Sin_Cola"
  },
  {
    "uuid": "8f75a388-cc3a-3398-a95d-631b610a91e9",
    "name": "PescoLetra"
  },
  {
    "uuid": "ae254218-8b1e-38c5-abe5-cc56f63a9a4b",
    "name": "iMarii1"
  },
  {
    "uuid": "9967ae8f-0759-3e22-9efb-bd7d9aba2582",
    "name": "Yasii_Tx"
  },
  {
    "uuid": "0ed01918-d550-3c68-b4d7-94fefcf42528",
    "name": "GaboGabin"
  },
  {
    "uuid": "6560fee2-73c3-33c3-b282-05be7eb53ec3",
    "name": "Katashi"
  },
  {
    "uuid": "41ee1b60-ccc9-3ebf-8c5a-05608de8b35e",
    "name": "Shamino"
  },
  {
    "uuid": "b743d5a4-fba1-3e21-ad03-540d6187b7a2",
    "name": "holasoymauri"
  },
  {
    "uuid": "50d2ca4f-a40d-3ac9-acb0-1e286cf09345",
    "name": "yisusgamer12"
  },
  {
    "uuid": "06fa2e8c-2c76-31b6-a41c-25525cce6710",
    "name": "aceituna17uwu"
  },
  {
    "uuid": "26b98766-0e4f-31fe-b843-198373a01883",
    "name": "Alexitito48"
  },
  {
    "uuid": "568cedc2-dad6-3937-b7d4-576dc802b914",
    "name": "Daikiii"
  },
  {
    "uuid": "a5312fc2-a184-32a9-a82d-98c243016a4f",
    "name": "VicenzoUchihaXD"
  },
  {
    "uuid": "f16a1cc1-4d01-34ff-93df-271e1925ecbd",
    "name": "HOSMAD30"
  },
  {
    "uuid": "7bf0ffe8-4482-3514-94fd-37833d10dd64",
    "name": "Colomera"
  },
  {
    "uuid": "f6884799-72c9-373a-8bd7-75126246f059",
    "name": "WERRWET1"
  },
  {
    "uuid": "cc164152-6958-3059-b919-8ecef855502b",
    "name": "bentrix23"
  },
  {
    "uuid": "38c8fd58-c53f-3e5f-8e2b-3ba9a1b53ca3",
    "name": "Carlos123puto"
  },
  {
    "uuid": "c85cb626-8578-36d9-82ec-f4e662f6a3b7",
    "name": "Ruviutu"
  },
  {
    "uuid": "f0214d80-7ca0-3dc1-aab1-7608e98b82ab",
    "name": "Netherlol37"
  },
  {
    "uuid": "a9f23cd4-683a-3f47-b0b1-64e39e1da5c1",
    "name": "ornsteinfachero"
  },
  {
    "uuid": "1cb926e9-5f93-3f47-b55b-b273c239ae6c",
    "name": "Cherricita"
  },
  {
    "uuid": "0f5117a9-576f-368f-ad5a-f02d96f4a154",
    "name": "Elwonotaku"
  },
  {
    "uuid": "430eba8f-50ca-36a6-af22-583fe83a4426",
    "name": "luis25373"
  },
  {
    "uuid": "b039ebd8-ab87-3b94-b750-11c45871dc06",
    "name": "gameplay24"
  },
  {
    "uuid": "9c3a37fb-b068-384b-8ada-99ba37827d47",
    "name": "TheJulioxd"
  },
  {
    "uuid": "76786e4d-fd1f-3b02-b2b9-ee93285b561b",
    "name": "MaRi0_69_"
  },
  {
    "uuid": "c4a3bb3a-cf3f-3860-9e30-6c4e7bf277c8",
    "name": "RESTELEO0909"
  },
  {
    "uuid": "b3510584-0aff-37f4-846b-5d871fb87beb",
    "name": "Deloyer_316"
  },
  {
    "uuid": "3c6603ab-3ac9-39e7-b492-482f88edf403",
    "name": "Thechidou"
  },
  {
    "uuid": "a4111aec-8e05-351b-a52f-c9e0904408ee",
    "name": "jano8"
  },
  {
    "uuid": "56b32095-3166-33b5-b821-1c6beb83145f",
    "name": "Sebaa101"
  },
  {
    "uuid": "a4ae79c3-96f2-3ca9-888e-e66541e8574b",
    "name": "Sicsaczito"
  },
  {
    "uuid": "6adeaa75-997f-3b26-a7eb-fab74f8a268b",
    "name": "Mia"
  },
  {
    "uuid": "26f6ab17-395f-32ad-bb7c-28f94a00c725",
    "name": "TrixiWpt"
  },
  {
    "uuid": "c551b776-e0a6-30f0-ae2e-f3c1dca80ac0",
    "name": "Dannycar"
  },
  {
    "uuid": "546b0fe5-63a0-353a-bf80-9a3a59f009f3",
    "name": "Ninjasniper153"
  },
  {
    "uuid": "78ab90fa-74b0-380e-bf97-838f32fecf18",
    "name": "Werner4"
  },
  {
    "uuid": "60208a6f-cf7f-378c-94f6-dc3c94c70b18",
    "name": "redd7"
  },
  {
    "uuid": "c6f44261-a887-3ce3-ba58-675f7e194be0",
    "name": "gamestitans"
  },
  {
    "uuid": "d8d3ee2d-7c1d-3d3d-b09b-445af09facc1",
    "name": "Catmat19064"
  },
  {
    "uuid": "662c2f5a-57e4-34de-9d15-88af097ebd5e",
    "name": "SoloIgnorame"
  },
  {
    "uuid": "ffc2d989-ff7d-378e-9d7a-ee8156edb37d",
    "name": "iCosmoss"
  },
  {
    "uuid": "0dded67d-7e8c-3d59-af19-e12442320c5d",
    "name": "jaime_11000"
  },
  {
    "uuid": "47477d7c-f501-3ab3-8547-a618eecd67b5",
    "name": "Extremender378"
  },
  {
    "uuid": "ace1bcf3-aa99-33f5-a10e-95fdb2829e39",
    "name": "Yassiron112"
  },
  {
    "uuid": "007bcba5-2d20-33fe-afff-199f5261ffa0",
    "name": "mateo2705"
  },
  {
    "uuid": "85593b7b-59c6-3e66-ad63-aa88bb0203af",
    "name": "mteoarmi34"
  },
  {
    "uuid": "71977113-3e38-3786-ae08-7a7bb1070852",
    "name": "Angelo10xd"
  },
  {
    "uuid": "b6021d6e-e2ce-30fc-a683-f9231fe7b03d",
    "name": "69Raboloco69"
  },
  {
    "uuid": "8e91c6cc-b034-3da3-ac13-09edcbe706a8",
    "name": "AmirYT390"
  },
  {
    "uuid": "bc462d66-e24f-3c33-a3fc-c8a61811e0a1",
    "name": "YoSoySalmonZero"
  },
  {
    "uuid": "c982deee-7ac8-3d50-b477-8697c4699f19",
    "name": "ShofixUwU1"
  },
  {
    "uuid": "d40b6923-4a84-34c1-9745-d400ec012130",
    "name": "Johan"
  },
  {
    "uuid": "d23895b3-366f-3b8d-b0cb-a5b10fba8679",
    "name": "ikerw12"
  },
  {
    "uuid": "6c907548-12b8-3d99-b8ae-6664f9af2b06",
    "name": "chinoCoxhino"
  },
  {
    "uuid": "f958ac36-fd46-30f2-821b-fe2534f22681",
    "name": "Pablito44YT"
  },
  {
    "uuid": "98d49adf-4fc6-3688-92ac-341bfd446f3b",
    "name": "HunterGhost23"
  },
  {
    "uuid": "a6ad52d2-edf8-3278-92b9-4aa3ed2e1cd7",
    "name": "simonwolft"
  },
  {
    "uuid": "d36b24ba-940f-3544-8cf5-706ce94f20b1",
    "name": "fabrifer2009"
  },
  {
    "uuid": "6a9eaefa-9c32-3018-bf66-549208a437c8",
    "name": "Extremberito279"
  },
  {
    "uuid": "6ea72425-b4e6-31ac-ad49-3e15b438dcc2",
    "name": "WolfyOwU"
  },
  {
    "uuid": "617727d7-d70a-395b-baa4-356fe8dde7b3",
    "name": "xprensw"
  },
  {
    "uuid": "747b1d77-e2f9-3b78-b368-454ef461c27a",
    "name": "Adsel_"
  },
  {
    "uuid": "cc0531c6-0c7f-3a9d-8311-8c582a6bad2b",
    "name": "v"
  },
  {
    "uuid": "bd54733e-1e39-3d5b-96f9-6896dbbec257",
    "name": "CristianXD321"
  },
  {
    "uuid": "0fdd1449-23c5-375f-a2a6-3b8176557ae8",
    "name": "ItsZolido908"
  },
  {
    "uuid": "a417a3c8-29c0-3b33-ae9a-a03601f34dee",
    "name": "Metidita"
  },
  {
    "uuid": "85cb6a22-34cb-3ad6-819f-2bd0f7c21939",
    "name": "NotKnottyWox7w7"
  },
  {
    "uuid": "21e9b04a-61e1-383a-aef3-6eb92ba400fc",
    "name": "Juako989"
  },
  {
    "uuid": "30c84d08-abca-3819-b8e8-e2bcfe66aa7a",
    "name": "Nellyaynon"
  },
  {
    "uuid": "a537a89f-7330-347f-b544-5b16cc833685",
    "name": "aqndres2009"
  },
  {
    "uuid": "72b656f7-214f-3165-b7e0-d08104f7e416",
    "name": "enoe12"
  },
  {
    "uuid": "7e0fbb1a-79eb-3586-b798-b6ec49cafb65",
    "name": "tumacho123xD"
  },
  {
    "uuid": "163eee0b-4a74-328a-ac7d-854c144622a1",
    "name": "Nasr29sm"
  },
  {
    "uuid": "db668cfc-f19d-31c2-9e09-d2fb99c4496c",
    "name": "Zoin29"
  },
  {
    "uuid": "3407d08b-6ca6-3202-8d31-f32ff9a95c24",
    "name": "esquele5321"
  },
  {
    "uuid": "2fb475fc-9657-37d3-a02d-98569b82df73",
    "name": "MiguelitoF"
  },
  {
    "uuid": "6f229edd-ae1a-38a7-9c66-156796b2c4d8",
    "name": "Bouncerex"
  },
  {
    "uuid": "9a8b923b-d50c-3ad4-82d4-223c94971e4c",
    "name": "mathiaspro"
  },
  {
    "uuid": "285ff4c9-c472-32cd-8350-2dc29627bdca",
    "name": "SolDenise"
  },
  {
    "uuid": "5c1e9635-6511-3208-8881-d3752f4a34c7",
    "name": "pollogamer99"
  },
  {
    "uuid": "eea70fff-6ac5-3f2b-bd53-bbdcede09098",
    "name": "materulosok"
  },
  {
    "uuid": "a3797179-9d30-322f-a76a-574665c58e02",
    "name": "elmariana"
  },
  {
    "uuid": "a7270472-4a43-3aab-87f1-c22974409b54",
    "name": "santi"
  },
  {
    "uuid": "7150ac73-5589-381b-9e31-541b60992bfc",
    "name": "Mauricio_2009"
  },
  {
    "uuid": "639ff2ca-d50a-3ac7-b6df-7e295759f730",
    "name": "MaquinitaGamer"
  },
  {
    "uuid": "47686907-aa16-3b05-8f6d-1aa591e2e581",
    "name": "cayepro"
  },
  {
    "uuid": "581d29f5-fd90-31db-82ae-442f2627d468",
    "name": "alebarbosa"
  },
  {
    "uuid": "84fa120c-1d4e-360c-94b1-fc346e1cfcc8",
    "name": "Avilio_13"
  },
  {
    "uuid": "19ddb775-7dfb-3ea5-b953-1a5ea338eb6f",
    "name": "xXbudiXx"
  },
  {
    "uuid": "06454c9f-fc87-37ff-8fb1-9cc5179ff478",
    "name": "J_Tos"
  },
  {
    "uuid": "77b2aa3c-ea2c-3961-9e54-7943599f7732",
    "name": "JUDYZ209"
  },
  {
    "uuid": "ad46ed46-44df-36fa-a843-7945713fd7a4",
    "name": "emi2315"
  },
  {
    "uuid": "1c342a74-3064-3f0a-b382-4beaa119a355",
    "name": "ittalo"
  },
  {
    "uuid": "629d5560-a6b5-345f-bf7f-c14d5615e393",
    "name": "KennyPurinsesu"
  },
  {
    "uuid": "8731925f-7226-312e-bc1e-f1cdbd228c14",
    "name": "Rex34"
  },
  {
    "uuid": "1b5f836d-516b-34ec-a3b4-6026a0f98b68",
    "name": "chidori555"
  },
  {
    "uuid": "779530f6-7ae2-3d68-b22e-97286c4f984a",
    "name": "_Annamy"
  },
  {
    "uuid": "4d6441a0-3eec-3302-837d-88c4054591d3",
    "name": "elG4m1ng"
  },
  {
    "uuid": "4b677ff0-863b-3d75-9aab-fc42c61d2fde",
    "name": "mateostrucid"
  },
  {
    "uuid": "07ce146d-0172-39d5-be1c-adea5ab7f7d0",
    "name": "Rest342"
  },
  {
    "uuid": "ecc9d314-b566-305b-b6ac-5ccafc412306",
    "name": "Gonsteve"
  },
  {
    "uuid": "d2aaade7-37dc-31ef-a940-8d6a4581a755",
    "name": "gemday"
  },
  {
    "uuid": "4e0bff35-8c4f-317b-87ae-2efe08ec628a",
    "name": "mart456yt"
  },
  {
    "uuid": "877c1b4e-3eba-3154-869f-0b315420d374",
    "name": "PushyD0o_"
  },
  {
    "uuid": "8b9b6888-e240-3644-b182-cf5d99fa7578",
    "name": "24klorem"
  },
  {
    "uuid": "4c468094-56d2-34ea-bf14-c27d9ae845b7",
    "name": "Mateous7"
  },
  {
    "uuid": "0e93d71a-53d3-347e-827d-a4e43ac2b08c",
    "name": "Eduardo1221"
  },
  {
    "uuid": "6238c8bd-1429-306a-95eb-a2908650cee9",
    "name": "gamer102890"
  },
  {
    "uuid": "8ee289a9-dc62-346c-a638-662c25ef0047",
    "name": "Davidemon"
  },
  {
    "uuid": "56da4d2e-c3cf-33ea-a083-3e0f471541ce",
    "name": "valeUwU091212"
  },
  {
    "uuid": "7b5cee95-841f-3fed-b563-e6f9502ed560",
    "name": "ElderBronch"
  },
  {
    "uuid": "d95f5df8-0866-35c6-9f2b-4e75e8eaa474",
    "name": "Arturo0359"
  },
  {
    "uuid": "51a41c53-55d0-33a9-852d-a93806085f63",
    "name": "felipe14i23"
  },
  {
    "uuid": "f7dfd246-1e9d-382f-9085-3c375a3a1bfe",
    "name": "alexxgammer222"
  },
  {
    "uuid": "1a9c95fe-8e3c-3bc1-8204-5a5394726942",
    "name": "BREINER"
  },
  {
    "uuid": "57c29af8-1315-3d2b-a85c-b294d8146c0b",
    "name": "mrcheest"
  },
  {
    "uuid": "0ee31bde-e89c-36e7-a9f4-1fc6ac1b00c6",
    "name": "Crishdez820"
  },
  {
    "uuid": "331f1e64-819e-3c88-8618-ffbb29aaea77",
    "name": "nonoYT_123"
  },
  {
    "uuid": "e7530f08-c18d-3999-86a2-316fd9dab16d",
    "name": "eheroedog"
  },
  {
    "uuid": "f3764894-0df6-3f7e-bbe3-a122dda3ab92",
    "name": "RubixPlay"
  },
  {
    "uuid": "76343477-82ce-3e8d-ad82-b32385e77f57",
    "name": "jon4th4nTC"
  },
  {
    "uuid": "bd175a6e-43f1-3b5a-bace-c3d15eab95c5",
    "name": "Brandon"
  },
  {
    "uuid": "56f782c6-986b-3a27-b09f-efea4dac6327",
    "name": "GOBH1010"
  },
  {
    "uuid": "399ea9e0-0a6d-337b-86b6-932356d25115",
    "name": "Nani0208"
  },
  {
    "uuid": "4c740a7f-084a-3096-80bc-2d16a67ed660",
    "name": "javier_el_pro16"
  },
  {
    "uuid": "516608a6-90c5-3eae-8b2b-ce5c10a60923",
    "name": "heyveneco"
  },
  {
    "uuid": "9f7c15a1-519a-3a13-bea8-acb5be04c4a0",
    "name": "ramon11_113"
  },
  {
    "uuid": "b9f63ed2-4880-3f37-b66c-8da5e0936e03",
    "name": "Davidlopezlopez"
  },
  {
    "uuid": "dc287a09-c335-39e1-9858-7358389401ce",
    "name": "PIxelStardust"
  },
  {
    "uuid": "87815f19-6344-3392-b4ff-41fedc260806",
    "name": "Bebecitoh7w7"
  },
  {
    "uuid": "c3cdf1a5-f619-3003-bf3c-7f30e2f6e167",
    "name": "mateo2705rlm"
  },
  {
    "uuid": "2d915902-4a5d-3c1c-9d38-5f18d58b11fe",
    "name": "samuelquero"
  },
  {
    "uuid": "b73fc4e3-f375-3092-b394-f9d909d37e8b",
    "name": "valenxdept"
  }
]